taskId,lengthMI,pesramMB,priority
1,85000,512,3
2,53000,512,2
3,525000,8192,2
4,115000,2048,2
5,109000,2048,3
6,79000,512,2
7,121000,4096,2
8,71000,1024,2
9,15000,256,3
10,107000,2048,3
11,95000,1024,2
12,71000,512,2
13,97000,1024,3
14,99000,512,1
15,49000,512,2
16,79000,512,2
17,101000,2048,2
18,97000,2048,2
19,89000,1024,3
20,111000,1024,3
21,107000,4096,3
22,53000,1024,1
23,53000,1024,2
24,81000,512,3
25,129000,2048,2
26,79000,512,2
27,71000,1024,2
28,123000,2048,2
29,83000,1024,2
30,127000,4096,1
31,79000,2048,3
32,87000,512,1
33,121000,4096,3
34,45000,1024,1
35,93000,2048,3
36,73000,512,3
37,55000,512,2
38,109000,1024,3
39,135000,1024,1
40,900000,4096,1
41,97000,512,2
42,85000,512,2
43,65000,2048,2
44,71000,1024,2
45,27500,256,2
46,61000,512,2
47,49000,256,3
48,40000,1024,2
49,97000,1024,2
50,59000,1024,3
51,63000,512,1
52,83000,1024,3
53,117000,4096,1
54,91000,2048,2
55,49000,1024,2
56,15000,512,3
57,61000,512,2
58,45000,1024,1
59,107000,2048,2
60,95000,1024,2
61,111000,4096,2
62,135000,1024,3
63,119000,2048,3
64,65000,1024,3
65,125000,2048,3
66,115000,1024,2
67,49000,1024,2
68,135000,2048,2
69,51000,512,2
70,95000,512,3
71,79000,512,1
72,83000,2048,3
73,83000,2048,1
74,105000,2048,2
75,150000,1024,3
76,83000,512,2
77,121000,1024,2
78,123000,1024,3
79,525000,4096,3
80,45000,256,3
81,119000,2048,1
82,81000,1024,2
83,40000,1024,1
84,97000,1024,3
85,40000,1024,2
86,79000,512,1
87,51000,512,3
88,75000,2048,2
89,47000,256,1
90,101000,4096,2
91,67000,512,1
92,117000,2048,2
93,51000,256,2
94,117000,4096,3
95,40000,256,3
96,87000,512,3
97,45000,256,2
98,127000,1024,2
99,87000,512,1
100,101000,1024,2
101,93000,512,1
102,75000,512,3
103,125000,4096,1
104,45000,1024,1
105,113000,1024,2
106,119000,4096,2
107,87000,1024,2
108,51000,256,1
109,63000,2048,2
110,135000,1024,2
111,53000,256,2
112,712500,8192,2
113,103000,4096,1
114,45000,1024,2
115,61000,1024,3
116,65000,2048,2
117,59000,1024,2
118,89000,512,1
119,97000,512,1
120,15000,512,2
121,49000,256,2
122,107000,4096,2
123,73000,512,2
124,49000,512,2
125,67000,512,2
126,115000,1024,3
127,27500,1024,2
128,87000,512,1
129,81000,2048,2
130,59000,1024,2
131,103000,2048,2
132,712500,8192,2
133,87000,2048,1
134,125000,1024,2
135,77000,2048,3
136,109000,4096,2
137,45000,1024,3
138,71000,2048,3
139,55000,256,2
140,27500,256,1
141,97000,1024,2
142,93000,512,3
143,55000,1024,3
144,79000,512,2
145,45000,256,2
146,83000,512,1
147,127000,2048,3
148,51000,1024,3
149,109000,4096,2
150,105000,1024,1
151,103000,1024,2
152,59000,1024,2
153,125000,1024,1
154,113000,4096,2
155,101000,1024,2
156,73000,512,3
157,81000,512,2
158,81000,1024,2
159,101000,1024,1
160,47000,1024,3
161,117000,4096,2
162,73000,2048,2
163,150000,1024,2
164,27500,1024,1
165,55000,256,3
166,67000,1024,2
167,81000,1024,3
168,55000,1024,1
169,91000,1024,2
170,101000,1024,2
171,79000,1024,3
172,55000,512,1
173,61000,512,1
174,113000,4096,3
175,65000,512,2
176,900000,8192,2
177,97000,1024,3
178,45000,256,3
179,135000,2048,2
180,113000,2048,2
181,81000,2048,3
182,85000,2048,2
183,71000,2048,3
184,107000,1024,2
185,89000,2048,2
186,87000,2048,3
187,101000,2048,2
188,99000,2048,3
189,89000,1024,2
190,59000,1024,2
191,135000,4096,2
192,525000,4096,3
193,71000,512,1
194,121000,1024,3
195,712500,2048,1
196,95000,2048,1
197,87000,1024,2
198,63000,2048,2
199,89000,512,3
200,150000,1024,3
201,101000,4096,3
202,63000,512,3
203,53000,1024,2
204,125000,1024,1
205,89000,2048,2
206,712500,4096,1
207,103000,2048,3
208,61000,512,3
209,119000,2048,2
210,55000,256,1
211,53000,512,2
212,53000,1024,1
213,51000,1024,3
214,113000,4096,2
215,47000,256,3
216,49000,1024,2
217,150000,2048,3
218,67000,512,3
219,71000,512,2
220,63000,1024,3
221,125000,2048,2
222,85000,1024,2
223,77000,2048,2
224,117000,2048,2
225,79000,2048,1
226,59000,1024,2
227,103000,4096,3
228,77000,512,3
229,81000,512,2
230,117000,4096,3
231,63000,512,2
232,101000,1024,2
233,65000,1024,1
234,77000,1024,2
235,53000,512,2
236,119000,4096,3
237,97000,512,2
238,51000,256,1
239,83000,2048,2
240,75000,512,3
241,15000,512,1
242,55000,1024,2
243,93000,2048,3
244,712500,2048,1
245,135000,4096,1
246,125000,1024,3
247,27500,256,2
248,79000,1024,3
249,51000,256,3
250,79000,2048,1
251,47000,1024,3
252,107000,2048,2
253,77000,512,1
254,111000,4096,2
255,150000,2048,2
256,51000,1024,1
257,81000,1024,2
258,123000,2048,1
259,91000,2048,3
260,127000,4096,1
261,59000,512,2
262,107000,4096,1
263,63000,1024,2
264,63000,512,2
265,101000,4096,3
266,73000,512,2
267,47000,256,1
268,105000,2048,1
269,47000,1024,2
270,89000,1024,1
271,99000,1024,3
272,59000,1024,2
273,71000,2048,2
274,85000,512,3
275,93000,2048,3
276,115000,2048,2
277,81000,1024,2
278,85000,1024,3
279,99000,1024,2
280,95000,1024,2
281,95000,2048,1
282,525000,8192,3
283,63000,512,1
284,115000,1024,2
285,73000,1024,2
286,115000,2048,1
287,91000,1024,2
288,150000,2048,2
289,91000,512,2
290,525000,2048,2
291,117000,4096,2
292,113000,2048,3
293,103000,1024,3
294,27500,1024,3
295,71000,512,2
296,127000,2048,2
297,91000,512,3
298,67000,2048,2
299,712500,2048,2
300,47000,512,2
301,61000,512,2
302,67000,2048,3
303,79000,2048,3
304,127000,2048,3
305,525000,4096,3
306,103000,2048,3
307,111000,4096,3
308,900000,4096,2
309,117000,1024,1
310,525000,2048,3
311,150000,4096,1
312,77000,512,2
313,150000,4096,2
314,101000,4096,2
315,51000,512,1
316,83000,2048,2
317,107000,2048,2
318,85000,512,2
319,115000,1024,2
320,121000,2048,3
321,53000,256,2
322,55000,1024,3
323,51000,1024,3
324,77000,512,2
325,79000,1024,2
326,125000,2048,2
327,99000,2048,1
328,135000,2048,3
329,127000,4096,2
330,15000,256,2
331,63000,512,1
332,95000,1024,2
333,89000,512,2
334,107000,4096,2
335,61000,512,3
336,525000,4096,2
337,47000,256,1
338,53000,512,2
339,83000,1024,2
340,47000,256,2
341,109000,2048,3
342,89000,2048,3
343,117000,2048,2
344,121000,1024,1
345,91000,512,2
346,47000,256,3
347,83000,512,3
348,89000,1024,2
349,65000,512,2
350,712500,8192,2
351,127000,1024,1
352,113000,4096,2
353,121000,4096,2
354,87000,1024,3
355,99000,1024,2
356,900000,8192,2
357,45000,256,3
358,55000,512,2
359,121000,4096,3
360,51000,256,2
361,129000,4096,3
362,99000,2048,2
363,87000,1024,1
364,107000,2048,2
365,150000,1024,2
366,61000,512,1
367,85000,512,2
368,77000,512,2
369,150000,4096,2
370,135000,1024,2
371,91000,2048,1
372,525000,2048,2
373,127000,4096,2
374,40000,1024,3
375,103000,1024,1
376,15000,1024,1
377,27500,512,2
378,95000,512,3
379,525000,4096,2
380,81000,1024,3
381,40000,512,3
382,900000,4096,3
383,15000,512,2
384,61000,512,2
385,121000,2048,2
386,83000,2048,1
387,111000,2048,2
388,115000,1024,2
389,97000,1024,3
390,45000,512,2
391,45000,512,2
392,67000,512,3
393,97000,2048,2
394,71000,2048,2
395,27500,256,1
396,101000,1024,2
397,125000,2048,2
398,117000,2048,2
399,525000,8192,2
400,93000,1024,3
401,99000,2048,1
402,105000,4096,2
403,150000,1024,3
404,129000,1024,1
405,61000,2048,2
406,59000,512,2
407,49000,256,1
408,115000,1024,2
409,89000,512,2
410,91000,2048,2
411,101000,4096,2
412,525000,2048,2
413,77000,2048,2
414,105000,4096,1
415,67000,1024,2
416,525000,2048,2
417,51000,512,2
418,55000,512,3
419,135000,2048,3
420,49000,256,2
421,15000,1024,2
422,123000,1024,1
423,79000,2048,3
424,85000,1024,1
425,40000,256,2
426,135000,4096,2
427,113000,4096,1
428,119000,2048,2
429,89000,2048,2
430,150000,2048,3
431,65000,512,2
432,105000,1024,1
433,125000,1024,2
434,71000,1024,2
435,47000,1024,3
436,525000,8192,3
437,65000,512,1
438,89000,1024,3
439,83000,2048,2
440,117000,4096,2
441,55000,256,2
442,121000,2048,2
443,111000,4096,2
444,101000,2048,2
445,89000,1024,3
446,79000,512,3
447,95000,512,2
448,73000,2048,3
449,77000,512,1
450,73000,2048,1
451,900000,8192,3
452,49000,512,3
453,87000,512,2
454,127000,2048,1
455,67000,2048,2
456,525000,8192,2
457,89000,1024,3
458,111000,4096,3
459,53000,512,2
460,95000,2048,3
461,87000,512,1
462,115000,1024,2
463,85000,512,1
464,45000,512,1
465,61000,2048,1
466,91000,1024,1
467,101000,1024,2
468,75000,512,3
469,81000,1024,2
470,61000,1024,3
471,67000,1024,1
472,129000,2048,1
473,119000,2048,1
474,67000,512,2
475,105000,2048,3
476,121000,4096,2
477,91000,1024,1
478,65000,512,2
479,83000,512,2
480,93000,1024,2
481,85000,512,2
482,107000,4096,2
483,113000,2048,3
484,113000,1024,3
485,55000,1024,2
486,99000,1024,3
487,91000,512,3
488,87000,512,1
489,99000,2048,2
490,83000,512,1
491,87000,2048,2
492,51000,512,2
493,73000,512,2
494,27500,256,3
495,900000,8192,2
496,97000,512,2
497,107000,4096,3
498,77000,1024,1
499,97000,2048,2
500,45000,256,1
501,93000,2048,2
502,117000,1024,1
503,75000,2048,3
504,712500,2048,1
505,119000,2048,2
506,109000,1024,2
507,27500,512,1
508,77000,1024,2
509,127000,1024,2
510,900000,8192,2
511,59000,512,2
512,71000,1024,2
513,27500,512,2
514,89000,1024,2
515,97000,512,2
516,111000,4096,2
517,105000,4096,3
518,135000,1024,2
519,95000,2048,3
520,111000,2048,1
521,45000,1024,3
522,121000,4096,2
523,15000,512,2
524,73000,1024,1
525,73000,1024,2
526,129000,2048,2
527,119000,4096,1
528,135000,1024,2
529,27500,512,2
530,47000,256,2
531,117000,1024,1
532,63000,512,2
533,525000,2048,3
534,115000,2048,1
535,93000,512,2
536,91000,512,1
537,63000,2048,2
538,900000,2048,2
539,73000,2048,1
540,55000,1024,2
541,15000,1024,2
542,95000,2048,2
543,121000,4096,1
544,27500,1024,2
545,111000,1024,2
546,95000,1024,3
547,109000,1024,2
548,85000,2048,1
549,107000,2048,1
550,51000,1024,2
551,129000,1024,1
552,59000,512,3
553,73000,2048,3
554,47000,512,3
555,91000,512,1
556,71000,1024,2
557,105000,1024,1
558,73000,512,2
559,97000,512,1
560,135000,2048,2
561,75000,1024,3
562,53000,1024,3
563,71000,2048,3
564,712500,4096,3
565,75000,1024,3
566,150000,2048,3
567,67000,2048,1
568,111000,2048,2
569,119000,2048,1
570,89000,1024,1
571,117000,2048,2
572,45000,512,2
573,47000,512,3
574,71000,2048,3
575,87000,2048,2
576,87000,2048,3
577,79000,512,2
578,525000,2048,1
579,91000,512,2
580,129000,1024,3
581,113000,2048,3
582,127000,2048,3
583,127000,1024,3
584,121000,2048,3
585,121000,4096,1
586,63000,1024,1
587,103000,1024,3
588,51000,1024,2
589,53000,512,1
590,83000,512,2
591,83000,2048,3
592,89000,2048,2
593,125000,4096,1
594,79000,1024,1
595,65000,2048,3
596,105000,4096,2
597,101000,1024,1
598,93000,2048,2
599,103000,4096,3
600,119000,2048,2
601,89000,1024,3
602,115000,4096,2
603,71000,2048,1
604,83000,2048,1
605,49000,256,2
606,91000,1024,2
607,121000,1024,1
608,103000,1024,3
609,75000,1024,2
610,900000,4096,1
611,525000,4096,2
612,900000,4096,2
613,99000,1024,2
614,79000,1024,1
615,85000,512,1
616,150000,4096,3
617,135000,2048,1
618,63000,1024,1
619,71000,1024,3
620,77000,2048,2
621,27500,1024,3
622,81000,2048,3
623,15000,256,3
624,103000,1024,3
625,55000,512,2
626,89000,512,1
627,150000,4096,3
628,712500,4096,1
629,95000,1024,2
630,45000,1024,1
631,47000,1024,2
632,91000,1024,2
633,75000,1024,1
634,49000,256,3
635,525000,2048,3
636,87000,2048,1
637,93000,512,1
638,15000,1024,2
639,121000,4096,2
640,117000,1024,2
641,111000,1024,3
642,83000,512,1
643,40000,1024,3
644,51000,256,3
645,67000,1024,3
646,97000,512,2
647,45000,1024,3
648,109000,1024,2
649,107000,4096,3
650,129000,2048,1
651,93000,512,2
652,97000,1024,3
653,87000,2048,3
654,75000,512,3
655,117000,2048,2
656,109000,1024,2
657,123000,4096,1
658,40000,1024,1
659,107000,2048,2
660,67000,512,2
661,67000,2048,1
662,65000,512,1
663,51000,256,3
664,47000,256,3
665,53000,1024,3
666,121000,1024,3
667,75000,512,3
668,67000,512,3
669,107000,1024,2
670,53000,1024,2
671,105000,2048,1
672,51000,1024,2
673,129000,4096,3
674,712500,4096,1
675,83000,512,2
676,49000,512,3
677,123000,1024,1
678,27500,1024,1
679,61000,512,2
680,49000,1024,2
681,75000,1024,2
682,55000,1024,2
683,129000,1024,3
684,67000,1024,3
685,85000,512,2
686,111000,1024,3
687,135000,2048,2
688,63000,512,2
689,107000,2048,3
690,113000,1024,2
691,27500,512,1
692,105000,2048,2
693,51000,1024,2
694,85000,1024,1
695,121000,2048,2
696,91000,2048,2
697,59000,2048,2
698,89000,2048,3
699,129000,4096,2
700,73000,1024,2
701,525000,4096,1
702,49000,256,2
703,107000,1024,2
704,89000,512,3
705,93000,512,2
706,119000,2048,3
707,93000,2048,3
708,101000,2048,2
709,103000,1024,3
710,53000,256,3
711,27500,512,1
712,55000,256,3
713,79000,2048,2
714,55000,256,2
715,101000,4096,1
716,45000,1024,3
717,109000,2048,2
718,99000,512,2
719,40000,512,2
720,113000,2048,2
721,63000,2048,1
722,47000,1024,3
723,61000,1024,3
724,129000,1024,2
725,40000,1024,3
726,77000,512,3
727,53000,1024,1
728,101000,4096,3
729,53000,1024,3
730,77000,2048,3
731,75000,2048,2
732,119000,1024,3
733,81000,2048,1
734,107000,1024,3
735,59000,1024,3
736,59000,512,1
737,115000,4096,2
738,127000,2048,2
739,129000,2048,2
740,107000,4096,2
741,115000,1024,2
742,45000,1024,2
743,125000,4096,2
744,117000,2048,1
745,93000,1024,3
746,119000,1024,2
747,125000,4096,3
748,67000,1024,2
749,97000,1024,3
750,61000,2048,3
751,111000,2048,2
752,77000,2048,3
753,97000,512,2
754,525000,2048,3
755,103000,4096,2
756,125000,1024,3
757,87000,2048,3
758,712500,2048,2
759,123000,1024,2
760,27500,512,3
761,121000,1024,2
762,27500,1024,2
763,81000,2048,1
764,75000,1024,2
765,115000,4096,2
766,45000,256,2
767,40000,512,1
768,712500,4096,1
769,113000,2048,2
770,53000,512,3
771,75000,1024,2
772,115000,2048,1
773,93000,2048,2
774,71000,512,1
775,87000,2048,3
776,150000,4096,2
777,125000,4096,2
778,115000,1024,2
779,89000,512,3
780,135000,4096,3
781,127000,1024,3
782,79000,2048,3
783,75000,2048,3
784,71000,512,2
785,83000,2048,2
786,103000,1024,1
787,65000,1024,3
788,55000,512,1
789,87000,2048,1
790,525000,4096,3
791,63000,2048,1
792,73000,1024,2
793,45000,1024,3
794,55000,512,2
795,900000,2048,2
796,27500,256,2
797,101000,1024,1
798,125000,1024,1
799,59000,512,3
800,81000,512,2
801,119000,4096,2
802,55000,256,2
803,51000,256,2
804,95000,2048,1
805,121000,4096,3
806,95000,2048,2
807,127000,4096,3
808,109000,4096,2
809,79000,1024,1
810,40000,512,3
811,87000,1024,2
812,107000,4096,2
813,712500,2048,2
814,61000,1024,3
815,55000,256,1
816,103000,4096,3
817,77000,1024,1
818,45000,512,2
819,73000,512,1
820,712500,4096,2
821,105000,4096,2
822,95000,2048,2
823,73000,2048,3
824,71000,512,2
825,113000,1024,2
826,103000,4096,2
827,525000,8192,2
828,93000,2048,3
829,83000,1024,1
830,111000,4096,3
831,125000,2048,2
832,65000,2048,2
833,93000,512,2
834,51000,1024,2
835,129000,2048,3
836,83000,1024,2
837,125000,1024,2
838,97000,512,1
839,91000,512,1
840,900000,2048,1
841,135000,4096,3
842,93000,512,1
843,15000,256,1
844,47000,256,2
845,89000,1024,2
846,115000,2048,2
847,71000,2048,3
848,53000,512,3
849,45000,1024,2
850,71000,1024,2
851,119000,1024,1
852,135000,1024,2
853,47000,1024,2
854,15000,512,3
855,103000,2048,1
856,99000,1024,2
857,150000,4096,2
858,115000,4096,2
859,53000,1024,1
860,65000,2048,2
861,73000,1024,3
862,121000,2048,1
863,101000,1024,1
864,111000,2048,2
865,89000,512,2
866,107000,1024,3
867,51000,512,2
868,63000,512,3
869,117000,4096,2
870,77000,1024,2
871,63000,512,3
872,67000,1024,2
873,95000,1024,2
874,107000,4096,3
875,81000,512,2
876,97000,1024,1
877,127000,1024,2
878,105000,1024,2
879,115000,1024,2
880,65000,512,2
881,99000,2048,3
882,77000,2048,2
883,712500,4096,3
884,125000,2048,2
885,900000,4096,1
886,65000,1024,2
887,53000,256,1
888,97000,1024,2
889,127000,4096,2
890,113000,1024,2
891,75000,1024,1
892,53000,1024,1
893,91000,1024,3
894,89000,2048,1
895,91000,512,2
896,75000,2048,3
897,107000,1024,1
898,119000,1024,2
899,47000,512,3
900,65000,2048,3
901,61000,1024,2
902,91000,512,3
903,53000,256,2
904,83000,2048,1
905,77000,2048,3
906,525000,8192,2
907,59000,1024,2
908,93000,1024,1
909,75000,1024,2
910,101000,1024,1
911,525000,2048,2
912,89000,512,2
913,65000,2048,2
914,103000,1024,2
915,123000,2048,1
916,150000,2048,2
917,63000,2048,2
918,99000,512,2
919,99000,1024,3
920,49000,256,3
921,525000,4096,1
922,101000,1024,2
923,135000,2048,3
924,45000,256,2
925,712500,4096,1
926,525000,2048,1
927,123000,1024,1
928,15000,512,1
929,129000,4096,2
930,121000,4096,1
931,525000,4096,2
932,87000,1024,3
933,83000,1024,2
934,117000,1024,2
935,67000,1024,2
936,97000,2048,3
937,97000,2048,3
938,47000,1024,1
939,117000,2048,3
940,45000,256,3
941,53000,256,2
942,119000,2048,3
943,97000,1024,1
944,71000,1024,3
945,89000,2048,3
946,55000,1024,2
947,55000,512,2
948,95000,512,2
949,63000,2048,3
950,77000,2048,2
951,900000,4096,2
952,127000,2048,2
953,67000,2048,2
954,27500,1024,2
955,525000,4096,2
956,63000,2048,2
957,67000,1024,2
958,93000,2048,3
959,77000,2048,2
960,93000,512,2
961,53000,1024,3
962,83000,2048,3
963,123000,2048,2
964,111000,2048,1
965,85000,512,3
966,47000,256,1
967,63000,1024,2
968,63000,1024,3
969,103000,4096,2
970,101000,1024,1
971,59000,1024,2
972,89000,1024,2
973,27500,256,2
974,83000,1024,2
975,45000,1024,2
976,89000,512,1
977,121000,2048,1
978,107000,4096,1
979,111000,1024,2
980,119000,1024,3
981,61000,1024,2
982,55000,256,2
983,525000,4096,2
984,93000,2048,3
985,77000,512,3
986,15000,1024,1
987,99000,512,1
988,73000,2048,3
989,27500,512,2
990,65000,1024,3
991,115000,2048,1
992,85000,1024,3
993,103000,2048,2
994,101000,2048,2
995,89000,1024,3
996,55000,256,3
997,525000,4096,2
998,63000,2048,1
999,105000,1024,3
1000,107000,1024,2
