Cloudlet_ID,Status,VM_ID,Actual_CPU_Time,Start_Time,Finish_Time
3,SUCCESS,3,15.33,0.1,15.43
1,SUCCESS,1,21.31,0.1,21.41
4,SUCCESS,3,14.64,15.54,30.19
6,SUCCESS,3,16.24,30.3,46.54
5,SUCCESS,1,31.71,21.52,53.23
7,SUCCESS,3,9.58,46.65,56.23
8,SUCCESS,1,6.11,53.34,59.45
9,SUCCESS,3,14.33,56.34,70.67
11,SUCCESS,3,9.58,70.78,80.35
0,SUCCESS,0,85.11,0.1,85.21
12,SUCCESS,3,12.97,80.46,93.43
10,SUCCESS,1,38.09,59.56,97.65
14,SUCCESS,3,6.64,93.54,100.18
2,SUCCESS,2,105.11,0.1,105.21
16,SUCCESS,3,13.58,100.29,113.87
17,SUCCESS,2,19.51,105.32,124.83
18,SUCCESS,3,11.98,113.98,125.96
15,SUCCESS,1,31.64,97.76,129.4
19,SUCCESS,3,14.91,126.07,140.98
20,SUCCESS,2,21.42,124.94,146.36
22,SUCCESS,3,7.18,141.09,148.26
21,SUCCESS,1,21.31,129.51,150.82
23,SUCCESS,2,16.31,146.47,162.78
24,SUCCESS,3,17.31,148.37,165.68
26,SUCCESS,2,14.31,162.89,177.2
27,SUCCESS,3,16.51,165.79,182.3
25,SUCCESS,1,31.71,150.93,182.64
13,SUCCESS,0,99.11,85.32,184.43
28,SUCCESS,2,16.71,177.31,194.02
29,SUCCESS,3,17.04,182.41,199.46
33,SUCCESS,3,6.11,199.57,205.68
30,SUCCESS,1,31.71,182.75,214.46
34,SUCCESS,3,12.51,205.79,218.3
32,SUCCESS,2,24.27,194.13,218.41
36,SUCCESS,3,7.44,218.41,225.85
37,SUCCESS,2,21.91,218.52,240.43
35,SUCCESS,1,29.31,214.57,243.88
38,SUCCESS,3,18.03,225.96,243.99
40,SUCCESS,3,12.94,244.1,257.04
42,SUCCESS,3,8.78,257.15,265.93
31,SUCCESS,0,87.07,184.54,271.61
43,SUCCESS,3,9.58,266.04,275.62
41,SUCCESS,1,34.11,243.99,278.1
45,SUCCESS,3,8.24,275.73,283.97
47,SUCCESS,3,5.36,284.08,289.44
46,SUCCESS,1,19.71,278.21,297.92
44,SUCCESS,0,27.58,271.72,299.3
48,SUCCESS,3,12.96,289.55,302.52
50,SUCCESS,3,8.51,302.63,311.14
49,SUCCESS,1,23.71,298.03,321.74
52,SUCCESS,3,15.71,311.25,326.96
54,SUCCESS,3,6.58,327.07,333.64
55,SUCCESS,3,2.11,333.75,335.86
56,SUCCESS,3,8.24,335.97,344.22
57,SUCCESS,3,6.11,344.33,350.44
53,SUCCESS,1,36.51,321.85,358.36
58,SUCCESS,3,14.38,350.55,364.92
60,SUCCESS,3,14.88,365.03,379.91
51,SUCCESS,0,83.09,299.41,382.5
59,SUCCESS,1,38.11,358.47,396.58
61,SUCCESS,3,18.11,380.02,398.13
63,SUCCESS,3,8.67,398.24,406.91
39,SUCCESS,2,180.09,240.54,420.63
65,SUCCESS,3,15.44,407.02,422.46
66,SUCCESS,3,6.64,422.57,429.21
68,SUCCESS,3,6.91,429.32,436.23
64,SUCCESS,1,50.11,396.69,446.8
67,SUCCESS,2,27.11,420.74,447.85
69,SUCCESS,3,12.71,436.34,449.05
70,SUCCESS,3,10.64,449.16,459.8
72,SUCCESS,2,16.71,447.96,464.67
73,SUCCESS,3,14.11,459.91,474.02
71,SUCCESS,1,33.31,446.91,480.22
75,SUCCESS,3,11.18,474.13,485.31
74,SUCCESS,2,30.11,464.78,494.89
62,SUCCESS,0,119.11,382.61,501.72
77,SUCCESS,3,16.41,485.42,501.83
79,SUCCESS,3,6.11,501.94,508.05
80,SUCCESS,3,15.98,508.16,524.13
76,SUCCESS,1,48.51,480.33,528.84
82,SUCCESS,3,5.44,524.24,529.69
83,SUCCESS,3,13.04,529.8,542.84
84,SUCCESS,1,16.11,528.95,545.06
85,SUCCESS,3,10.64,542.95,553.59
87,SUCCESS,3,10.11,553.7,563.81
86,SUCCESS,1,20.51,545.17,565.68
88,SUCCESS,3,6.38,563.92,570.3
81,SUCCESS,0,81.11,501.83,582.94
89,SUCCESS,3,13.53,570.41,583.94
90,SUCCESS,1,26.86,565.79,592.65
91,SUCCESS,3,15.71,584.05,599.76
78,SUCCESS,2,105.11,495,600.11
94,SUCCESS,3,5.44,599.87,605.31
96,SUCCESS,2,9.11,600.22,609.33
95,SUCCESS,3,11.71,605.42,617.13
98,SUCCESS,2,17.51,609.44,626.95
92,SUCCESS,0,51.05,583.05,634.1
97,SUCCESS,3,16.96,617.24,634.21
93,SUCCESS,1,46.91,592.76,639.67
100,SUCCESS,2,18.71,627.06,645.77
99,SUCCESS,3,13.58,634.32,647.89
103,SUCCESS,3,6.11,648,654.11
104,SUCCESS,2,22.71,645.88,668.59
105,SUCCESS,3,15.98,654.22,670.2
107,SUCCESS,2,10.31,668.7,679.01
106,SUCCESS,3,11.71,670.31,682.02
102,SUCCESS,1,50.11,639.78,689.89
108,SUCCESS,3,8.51,682.13,690.64
110,SUCCESS,3,7.11,690.75,697.86
109,SUCCESS,2,27.11,679.12,706.23
101,SUCCESS,0,75.11,634.21,709.32
112,SUCCESS,3,13.84,697.97,711.81
113,SUCCESS,3,6.11,711.92,718.03
114,SUCCESS,2,12.31,706.34,718.65
115,SUCCESS,3,8.73,718.14,726.87
118,SUCCESS,2,19.51,718.76,738.27
117,SUCCESS,3,11.98,726.98,738.96
119,SUCCESS,3,2.04,739.07,741.11
120,SUCCESS,3,6.64,741.22,747.86
122,SUCCESS,3,9.84,747.97,757.82
121,SUCCESS,2,21.51,738.38,759.89
123,SUCCESS,3,6.64,757.93,764.57
116,SUCCESS,0,59.11,709.43,768.54
124,SUCCESS,3,9.04,764.68,773.72
126,SUCCESS,3,3.78,773.83,777.61
125,SUCCESS,2,23.11,760,783.11
127,SUCCESS,3,11.61,777.72,789.33
129,SUCCESS,3,7.98,789.44,797.42
130,SUCCESS,2,20.71,783.22,803.93
132,SUCCESS,2,17.47,804.04,821.51
133,SUCCESS,2,25.11,821.62,846.73
128,SUCCESS,0,81.11,768.65,849.76
134,SUCCESS,2,15.51,846.84,862.35
136,SUCCESS,2,9.11,862.46,871.57
137,SUCCESS,2,14.31,871.68,885.99
139,SUCCESS,2,5.51,886.1,891.61
131,SUCCESS,3,95.11,797.53,892.64
138,SUCCESS,3,7.44,892.75,900.19
141,SUCCESS,2,18.69,891.72,910.41
140,SUCCESS,3,13.04,900.3,913.34
142,SUCCESS,3,7.44,913.45,920.9
143,SUCCESS,2,15.9,910.52,926.42
144,SUCCESS,3,6.11,921.01,927.12
145,SUCCESS,3,11.11,927.23,938.34
147,SUCCESS,3,6.91,938.45,945.36
146,SUCCESS,2,25.51,926.53,952.04
135,SUCCESS,0,109.11,849.87,958.98
148,SUCCESS,3,14.56,945.47,960.02
150,SUCCESS,2,20.71,952.15,972.86
149,SUCCESS,3,14.06,960.13,974.19
111,SUCCESS,1,285.11,690,975.11
152,SUCCESS,3,16.78,974.3,991.08
153,SUCCESS,2,22.71,972.97,995.68
155,SUCCESS,3,9.84,991.19,1001.03
157,SUCCESS,2,16.26,995.79,1012.05
156,SUCCESS,3,10.91,1001.14,1012.05
154,SUCCESS,1,40.51,975.22,1015.73
151,SUCCESS,0,59.11,959.09,1018.2
159,SUCCESS,2,9.51,1012.16,1021.67
158,SUCCESS,3,13.58,1012.16,1025.74
160,SUCCESS,3,15.71,1025.85,1041.56
161,SUCCESS,1,29.31,1015.84,1045.15
163,SUCCESS,0,27.61,1018.31,1045.92
164,SUCCESS,3,7.42,1041.67,1049.09
162,SUCCESS,2,30.11,1021.78,1051.89
165,SUCCESS,3,9.04,1049.2,1058.24
167,SUCCESS,3,7.44,1058.35,1065.79
169,SUCCESS,2,20.31,1052,1072.31
170,SUCCESS,3,10.63,1065.9,1076.53
166,SUCCESS,1,32.49,1045.26,1077.75
171,SUCCESS,3,7.44,1076.64,1084.09
172,SUCCESS,2,12.31,1072.42,1084.73
173,SUCCESS,3,15.18,1084.2,1099.37
174,SUCCESS,1,26.11,1077.86,1103.97
176,SUCCESS,3,12.96,1099.48,1112.44
177,SUCCESS,3,6.11,1112.55,1118.66
179,SUCCESS,3,15.11,1118.77,1133.88
168,SUCCESS,0,91.08,1046.03,1137.1
180,SUCCESS,3,10.91,1133.99,1144.9
181,SUCCESS,3,11.43,1145.01,1156.44
178,SUCCESS,1,54.11,1104.08,1158.19
183,SUCCESS,3,14.38,1156.55,1170.93
184,SUCCESS,3,11.94,1171.04,1182.98
185,SUCCESS,1,34.82,1158.3,1193.13
186,SUCCESS,3,13.58,1183.09,1196.66
182,SUCCESS,0,71.11,1137.21,1208.32
187,SUCCESS,3,13.31,1196.77,1210.08
189,SUCCESS,3,7.87,1210.19,1218.06
188,SUCCESS,1,35.71,1193.24,1228.95
190,SUCCESS,3,18.05,1218.17,1236.22
192,SUCCESS,3,9.58,1236.33,1245.91
175,SUCCESS,2,180.09,1084.84,1264.93
193,SUCCESS,1,48.47,1229.06,1277.52
195,SUCCESS,2,19.11,1265.04,1284.15
197,SUCCESS,2,12.71,1284.26,1296.97
196,SUCCESS,1,34.83,1277.63,1312.46
198,SUCCESS,2,17.91,1297.08,1314.99
194,SUCCESS,3,95.01,1246.02,1341.03
199,SUCCESS,2,30.11,1315.1,1345.21
201,SUCCESS,3,8.51,1341.14,1349.65
200,SUCCESS,1,40.51,1312.57,1353.08
202,SUCCESS,3,7.18,1349.76,1356.93
204,SUCCESS,2,17.87,1345.32,1363.19
203,SUCCESS,3,16.78,1357.04,1373.82
207,SUCCESS,2,12.31,1363.3,1375.61
209,SUCCESS,2,11.11,1375.72,1386.83
206,SUCCESS,3,13.84,1373.93,1387.77
210,SUCCESS,2,10.71,1386.94,1397.65
208,SUCCESS,3,15.98,1387.88,1403.86
212,SUCCESS,2,10.31,1397.76,1408.07
211,SUCCESS,3,7.18,1403.97,1411.15
214,SUCCESS,2,9.51,1408.18,1417.69
213,SUCCESS,3,15.18,1411.26,1426.43
215,SUCCESS,3,6.64,1426.54,1433.19
217,SUCCESS,3,8.93,1433.3,1442.23
216,SUCCESS,2,30.11,1417.8,1447.91
218,SUCCESS,3,9.56,1442.34,1451.9
219,SUCCESS,3,8.5,1452.01,1460.51
221,SUCCESS,3,11.44,1460.62,1472.06
220,SUCCESS,2,25.11,1448.02,1473.13
222,SUCCESS,3,10.38,1472.17,1482.55
224,SUCCESS,2,15.91,1473.24,1489.15
223,SUCCESS,3,15.71,1482.66,1498.37
225,SUCCESS,3,7.98,1498.48,1506.46
226,SUCCESS,2,20.71,1489.26,1509.97
227,SUCCESS,3,10.3,1506.57,1516.86
228,SUCCESS,3,10.91,1516.97,1527.88
229,SUCCESS,2,23.51,1510.08,1533.59
230,SUCCESS,3,8.51,1527.99,1536.5
232,SUCCESS,2,13.02,1533.7,1546.72
231,SUCCESS,3,13.58,1536.61,1550.19
234,SUCCESS,2,10.71,1546.83,1557.54
233,SUCCESS,3,10.38,1550.3,1560.68
235,SUCCESS,3,15.91,1560.79,1576.7
236,SUCCESS,2,19.51,1557.65,1577.16
237,SUCCESS,3,6.91,1576.81,1583.72
239,SUCCESS,2,15.11,1577.27,1592.38
238,SUCCESS,3,11.18,1583.83,1595
240,SUCCESS,3,2,1595.11,1597.11
241,SUCCESS,3,7.44,1597.22,1604.67
242,SUCCESS,3,12.51,1604.78,1617.29
244,SUCCESS,3,18.11,1617.4,1635.51
205,SUCCESS,1,285.11,1353.19,1638.3
245,SUCCESS,3,16.78,1635.62,1652.39
246,SUCCESS,3,3.67,1652.5,1656.17
248,SUCCESS,1,20.51,1638.41,1658.92
247,SUCCESS,3,10.61,1656.28,1666.89
249,SUCCESS,3,10.64,1667,1677.64
250,SUCCESS,3,6.38,1677.75,1684.13
252,SUCCESS,3,10.27,1684.24,1694.51
251,SUCCESS,1,42.91,1659.03,1701.94
253,SUCCESS,3,14.86,1694.62,1709.48
255,SUCCESS,1,20.51,1702.05,1722.56
254,SUCCESS,3,20.11,1709.59,1729.7
191,SUCCESS,0,525.22,1208.43,1733.65
243,SUCCESS,2,142.61,1592.49,1735.1
256,SUCCESS,3,10.91,1729.81,1740.72
257,SUCCESS,3,16.51,1740.83,1757.34
258,SUCCESS,1,36.51,1722.67,1759.18
259,SUCCESS,2,25.51,1735.21,1760.72
260,SUCCESS,3,7.98,1757.45,1765.42
262,SUCCESS,3,8.51,1765.53,1774.04
264,SUCCESS,2,20.31,1760.83,1781.14
263,SUCCESS,3,8.51,1774.15,1782.66
265,SUCCESS,1,29.31,1759.29,1788.6
266,SUCCESS,3,6.38,1782.77,1789.15
268,SUCCESS,2,9.51,1781.25,1790.76
267,SUCCESS,3,14.11,1789.26,1803.37
270,SUCCESS,2,19.91,1790.87,1810.78
271,SUCCESS,1,23.71,1788.71,1812.42
269,SUCCESS,3,11.98,1803.48,1815.46
272,SUCCESS,3,9.58,1815.57,1825.14
274,SUCCESS,2,18.71,1810.89,1829.6
273,SUCCESS,3,11.44,1825.25,1836.7
261,SUCCESS,0,107.11,1733.76,1840.87
277,SUCCESS,2,17.02,1829.71,1846.73
276,SUCCESS,3,10.91,1836.81,1847.72
275,SUCCESS,1,46.11,1812.53,1858.64
278,SUCCESS,3,13.31,1847.83,1861.14
280,SUCCESS,2,19.11,1846.84,1865.95
279,SUCCESS,3,12.71,1861.25,1873.96
282,SUCCESS,3,8.44,1874.07,1882.51
285,SUCCESS,2,23.11,1866.06,1889.17
284,SUCCESS,3,9.77,1882.62,1892.39
286,SUCCESS,3,12.24,1892.5,1904.75
283,SUCCESS,1,46.1,1858.75,1904.86
288,SUCCESS,2,18.31,1889.28,1907.59
287,SUCCESS,3,20.11,1904.86,1924.97
290,SUCCESS,3,15.63,1925.08,1940.71
291,SUCCESS,1,45.31,1904.97,1950.28
292,SUCCESS,3,13.84,1940.82,1954.66
293,SUCCESS,3,3.78,1954.77,1958.55
294,SUCCESS,3,9.47,1958.66,1968.13
295,SUCCESS,3,16.93,1968.24,1985.17
296,SUCCESS,1,36.51,1950.39,1986.9
297,SUCCESS,3,9.04,1985.28,1994.32
299,SUCCESS,1,18.91,1987.01,2005.92
289,SUCCESS,2,105.08,1907.7,2012.79
301,SUCCESS,2,13.51,2012.9,2026.41
300,SUCCESS,1,24.51,2006.03,2030.54
302,SUCCESS,2,15.91,2026.52,2042.43
303,SUCCESS,1,50.91,2030.65,2081.56
298,SUCCESS,3,95.11,1994.43,2089.54
305,SUCCESS,3,13.84,2089.65,2103.49
306,SUCCESS,3,14.91,2103.6,2118.51
308,SUCCESS,3,15.71,2118.62,2134.33
304,SUCCESS,2,105.02,2042.54,2147.55
310,SUCCESS,2,30.11,2147.66,2177.77
311,SUCCESS,2,15.51,2177.88,2193.39
309,SUCCESS,3,70.11,2134.44,2204.55
313,SUCCESS,2,20.27,2193.5,2213.77
312,SUCCESS,3,20.11,2204.66,2224.77
314,SUCCESS,3,6.91,2224.88,2231.79
316,SUCCESS,2,21.51,2213.88,2235.39
315,SUCCESS,3,11.18,2231.9,2243.08
317,SUCCESS,3,11.44,2243.19,2254.63
318,SUCCESS,2,23.11,2235.5,2258.61
321,SUCCESS,2,11.11,2258.72,2269.83
319,SUCCESS,3,16.24,2254.74,2270.98
320,SUCCESS,3,7.08,2271.09,2278.18
322,SUCCESS,3,6.91,2278.29,2285.2
324,SUCCESS,2,15.91,2269.94,2285.85
323,SUCCESS,3,10.38,2285.31,2295.68
326,SUCCESS,2,19.91,2285.96,2305.87
325,SUCCESS,3,16.78,2295.79,2312.57
327,SUCCESS,3,18.11,2312.68,2330.79
328,SUCCESS,2,25.51,2305.98,2331.49
329,SUCCESS,3,2.11,2330.9,2333.01
330,SUCCESS,3,8.51,2333.12,2341.63
332,SUCCESS,2,17.91,2331.6,2349.51
331,SUCCESS,3,12.78,2341.74,2354.52
334,SUCCESS,2,12.31,2349.62,2361.93
281,SUCCESS,0,525.18,1840.98,2366.16
333,SUCCESS,3,14.38,2354.63,2369
336,SUCCESS,2,9.51,2362.04,2371.55
337,SUCCESS,2,10.71,2371.66,2382.37
339,SUCCESS,2,9.51,2382.48,2391.99
340,SUCCESS,2,21.81,2392.1,2413.91
341,SUCCESS,2,17.89,2414.02,2431.91
335,SUCCESS,3,70.09,2369.11,2439.2
307,SUCCESS,1,360.11,2081.67,2441.78
338,SUCCESS,0,83.11,2366.27,2449.38
342,SUCCESS,3,15.71,2439.31,2455.02
343,SUCCESS,2,24.29,2432.02,2456.31
344,SUCCESS,3,12.24,2455.13,2467.38
348,SUCCESS,2,13.11,2456.42,2469.53
345,SUCCESS,3,6.38,2467.49,2473.86
346,SUCCESS,1,33.31,2441.89,2475.2
347,SUCCESS,3,11.98,2473.97,2485.95
351,SUCCESS,2,22.65,2469.64,2492.29
350,SUCCESS,3,17.04,2486.06,2503.1
354,SUCCESS,2,19.91,2492.4,2512.31
353,SUCCESS,3,11.71,2503.21,2514.92
356,SUCCESS,2,9.08,2512.42,2521.49
352,SUCCESS,1,48.41,2475.31,2523.71
357,SUCCESS,2,11.11,2521.6,2532.71
359,SUCCESS,1,20.51,2523.82,2544.33
358,SUCCESS,2,24.31,2532.82,2557.13
361,SUCCESS,2,19.91,2557.24,2577.15
362,SUCCESS,2,17.51,2577.26,2594.77
360,SUCCESS,1,51.71,2544.44,2596.15
363,SUCCESS,2,21.49,2594.88,2616.37
365,SUCCESS,2,12.31,2616.48,2628.79
355,SUCCESS,3,120.11,2515.03,2635.14
367,SUCCESS,2,15.46,2628.9,2644.36
366,SUCCESS,3,11.44,2635.25,2646.7
364,SUCCESS,1,60.11,2596.26,2656.37
368,SUCCESS,3,20.11,2646.81,2666.92
369,SUCCESS,2,27.08,2644.47,2671.56
370,SUCCESS,3,12.24,2667.03,2679.27
373,SUCCESS,2,8.11,2671.67,2679.78
374,SUCCESS,2,20.71,2679.89,2700.6
375,SUCCESS,2,3.11,2700.71,2703.82
372,SUCCESS,1,50.91,2656.48,2707.39
376,SUCCESS,2,5.61,2703.93,2709.54
377,SUCCESS,2,19.11,2709.65,2728.76
379,SUCCESS,2,16.31,2728.87,2745.18
382,SUCCESS,2,3.11,2745.29,2748.4
371,SUCCESS,3,70.11,2679.38,2749.49
380,SUCCESS,3,5.44,2749.6,2755.04
383,SUCCESS,2,12.31,2748.51,2760.82
384,SUCCESS,2,24.31,2760.93,2785.24
385,SUCCESS,2,16.71,2785.35,2802.06
386,SUCCESS,2,22.31,2802.17,2824.48
387,SUCCESS,2,23.11,2824.59,2847.7
388,SUCCESS,2,19.51,2847.81,2867.32
381,SUCCESS,3,120.11,2755.15,2875.26
391,SUCCESS,2,13.51,2867.43,2880.94
389,SUCCESS,3,6.06,2875.37,2881.44
390,SUCCESS,3,6.11,2881.55,2887.66
393,SUCCESS,2,14.31,2881.05,2895.36
392,SUCCESS,3,13.04,2887.77,2900.81
394,SUCCESS,3,3.78,2900.92,2904.7
378,SUCCESS,1,210.07,2707.5,2917.58
395,SUCCESS,3,13.58,2904.81,2918.38
396,SUCCESS,2,25.11,2895.47,2920.58
397,SUCCESS,3,15.71,2918.49,2934.2
399,SUCCESS,2,18.71,2920.69,2939.4
400,SUCCESS,1,39.71,2917.69,2957.4
401,SUCCESS,2,21.11,2939.51,2960.62
402,SUCCESS,2,30.11,2960.73,2990.84
405,SUCCESS,2,11.91,2990.95,3002.86
398,SUCCESS,3,70.11,2934.31,3004.42
403,SUCCESS,1,51.71,2957.51,3009.22
404,SUCCESS,3,8.24,3004.53,3012.78
406,SUCCESS,3,6.64,3012.89,3019.53
407,SUCCESS,2,23.11,3002.97,3026.08
408,SUCCESS,3,11.98,3019.64,3031.62
409,SUCCESS,3,12.24,3031.73,3043.97
410,SUCCESS,1,40.43,3009.33,3049.76
412,SUCCESS,3,10.38,3044.08,3054.46
413,SUCCESS,3,14.11,3054.57,3068.68
416,SUCCESS,1,20.51,3049.87,3070.38
414,SUCCESS,3,9.04,3068.79,3077.83
417,SUCCESS,1,22.11,3070.49,3092.6
411,SUCCESS,2,105.11,3026.19,3131.3
420,SUCCESS,2,3.11,3131.41,3134.52
418,SUCCESS,1,54.03,3092.71,3146.74
415,SUCCESS,3,70.02,3077.94,3147.96
419,SUCCESS,3,6.58,3148.07,3154.64
421,SUCCESS,2,24.71,3134.63,3159.34
349,SUCCESS,0,712.61,2449.49,3162.1
422,SUCCESS,3,10.57,3154.75,3165.32
424,SUCCESS,2,8.1,3159.45,3167.54
423,SUCCESS,3,11.44,3165.43,3176.88
427,SUCCESS,2,23.81,3167.65,3191.47
426,SUCCESS,1,45.31,3146.85,3192.16
425,SUCCESS,3,18.11,3176.99,3195.1
428,SUCCESS,3,11.98,3195.21,3207.18
431,SUCCESS,2,21.11,3191.58,3212.69
430,SUCCESS,3,8.78,3207.29,3216.07
433,SUCCESS,1,28.51,3192.27,3220.78
434,SUCCESS,2,9.51,3212.8,3222.31
432,SUCCESS,3,16.78,3216.18,3232.96
436,SUCCESS,2,13.04,3222.42,3235.46
438,SUCCESS,2,16.71,3235.57,3252.28
437,SUCCESS,1,35.62,3220.89,3256.5
439,SUCCESS,2,23.51,3252.39,3275.9
440,SUCCESS,1,22.1,3256.61,3278.71
441,SUCCESS,2,24.31,3276.01,3300.32
435,SUCCESS,3,70.11,3233.07,3303.18
429,SUCCESS,0,150.11,3162.21,3312.32
442,SUCCESS,3,14.91,3303.29,3318.2
444,SUCCESS,2,17.87,3300.43,3318.31
443,SUCCESS,1,40.51,3278.82,3319.33
445,SUCCESS,3,10.64,3318.31,3328.95
447,SUCCESS,2,14.65,3318.42,3333.07
446,SUCCESS,3,12.78,3329.06,3341.84
449,SUCCESS,2,14.71,3333.18,3347.89
448,SUCCESS,3,10.38,3341.95,3352.32
451,SUCCESS,3,6.64,3352.43,3359.08
454,SUCCESS,2,13.51,3348,3361.51
453,SUCCESS,3,17.04,3359.19,3376.23
456,SUCCESS,2,17.83,3361.62,3379.45
452,SUCCESS,0,87.11,3312.43,3399.54
457,SUCCESS,2,22.2,3379.56,3401.76
458,SUCCESS,2,10.71,3401.87,3412.58
459,SUCCESS,2,19.11,3412.69,3431.8
455,SUCCESS,3,70.11,3376.34,3446.45
462,SUCCESS,2,17.11,3431.91,3449.02
464,SUCCESS,2,12.31,3449.13,3461.44
461,SUCCESS,3,15.44,3446.56,3462
463,SUCCESS,3,6.11,3462.11,3468.22
465,SUCCESS,3,12.24,3468.33,3480.58
466,SUCCESS,2,20.24,3461.55,3481.8
460,SUCCESS,0,87.11,3399.65,3486.76
467,SUCCESS,3,10.11,3480.69,3490.8
469,SUCCESS,2,12.31,3481.91,3494.22
468,SUCCESS,3,10.91,3490.91,3501.82
470,SUCCESS,3,9.04,3501.93,3510.97
472,SUCCESS,2,23.83,3494.33,3518.16
471,SUCCESS,3,17.3,3511.08,3528.38
473,SUCCESS,3,9.04,3528.49,3537.53
475,SUCCESS,2,24.31,3518.27,3542.58
476,SUCCESS,3,12.16,3537.64,3549.8
477,SUCCESS,3,8.78,3549.91,3558.68
479,SUCCESS,2,18.71,3542.69,3561.4
478,SUCCESS,3,11.18,3558.79,3569.97
480,SUCCESS,3,11.36,3570.08,3581.44
481,SUCCESS,2,21.51,3561.51,3583.02
474,SUCCESS,0,105.11,3486.87,3591.98
484,SUCCESS,2,11.02,3583.13,3594.14
482,SUCCESS,3,15.18,3581.55,3596.73
483,SUCCESS,3,15.11,3596.84,3611.95
485,SUCCESS,2,19.85,3594.25,3614.1
486,SUCCESS,3,12.24,3612.06,3624.3
488,SUCCESS,2,19.91,3614.21,3634.12
487,SUCCESS,3,11.71,3624.41,3636.12
490,SUCCESS,3,11.71,3636.23,3647.94
492,SUCCESS,2,14.66,3634.23,3648.89
491,SUCCESS,3,6.91,3648.05,3654.96
493,SUCCESS,3,3.7,3655.07,3658.78
495,SUCCESS,2,19.51,3649,3668.51
489,SUCCESS,0,83.11,3592.09,3675.2
450,SUCCESS,1,360.11,3319.44,3679.55
496,SUCCESS,2,21.51,3668.62,3690.13
497,SUCCESS,2,15.51,3690.24,3705.75
498,SUCCESS,1,38.91,3679.66,3718.57
499,SUCCESS,0,45.11,3675.31,3720.42
500,SUCCESS,2,18.71,3705.86,3724.57
501,SUCCESS,2,23.43,3724.68,3748.11
502,SUCCESS,1,30.11,3718.68,3748.79
506,SUCCESS,1,11.11,3748.9,3760.01
504,SUCCESS,2,23.91,3748.22,3772.13
494,SUCCESS,3,120.11,3658.89,3779
507,SUCCESS,2,15.4,3772.24,3787.64
505,SUCCESS,3,14.64,3779.11,3793.75
510,SUCCESS,2,11.91,3787.75,3799.66
512,SUCCESS,2,5.61,3799.77,3805.38
508,SUCCESS,3,17.04,3793.86,3810.9
511,SUCCESS,3,9.56,3811.01,3820.58
514,SUCCESS,2,19.51,3805.49,3825
513,SUCCESS,3,11.98,3820.69,3832.66
516,SUCCESS,2,21.11,3825.11,3846.22
515,SUCCESS,3,14.91,3832.77,3847.68
518,SUCCESS,2,19.11,3846.33,3865.44
517,SUCCESS,3,18.11,3847.79,3865.9
519,SUCCESS,3,14.9,3866.01,3880.91
520,SUCCESS,3,6.09,3881.02,3887.11
522,SUCCESS,3,2.11,3887.22,3889.33
521,SUCCESS,2,24.31,3865.55,3889.86
523,SUCCESS,3,9.84,3889.44,3899.28
524,SUCCESS,3,9.84,3899.39,3909.24
525,SUCCESS,2,25.91,3889.97,3915.88
528,SUCCESS,2,5.61,3915.99,3921.6
526,SUCCESS,3,15.98,3909.35,3925.32
529,SUCCESS,2,9.51,3921.71,3931.22
527,SUCCESS,3,18.01,3925.43,3943.44
531,SUCCESS,2,12.71,3931.33,3944.04
530,SUCCESS,3,15.71,3943.55,3959.26
533,SUCCESS,2,23.11,3944.15,3967.26
534,SUCCESS,2,18.71,3967.37,3986.08
535,SUCCESS,2,18.31,3986.19,4004.5
536,SUCCESS,2,12.71,4004.61,4017.32
532,SUCCESS,3,70.11,3959.37,4029.48
538,SUCCESS,2,14.71,4017.43,4032.14
539,SUCCESS,2,11.11,4032.25,4043.36
540,SUCCESS,2,3.11,4043.47,4046.58
541,SUCCESS,2,19.11,4046.69,4065.8
542,SUCCESS,2,24.31,4065.91,4090.22
543,SUCCESS,2,5.61,4090.33,4095.94
544,SUCCESS,2,22.26,4096.05,4118.31
509,SUCCESS,1,360.11,3760.12,4120.23
545,SUCCESS,2,19.03,4118.42,4137.45
537,SUCCESS,3,120.08,4029.59,4149.67
547,SUCCESS,2,17.11,4137.56,4154.67
548,SUCCESS,1,42.91,4120.34,4163.25
546,SUCCESS,3,14.64,4149.78,4164.42
549,SUCCESS,3,6.8,4164.53,4171.33
551,SUCCESS,3,7.98,4171.44,4179.42
550,SUCCESS,2,25.86,4154.78,4180.64
552,SUCCESS,3,9.84,4179.53,4189.37
555,SUCCESS,2,14.31,4180.75,4195.06
553,SUCCESS,3,6.38,4189.48,4195.86
556,SUCCESS,1,42.11,4163.36,4205.47
554,SUCCESS,3,12.24,4195.97,4208.21
558,SUCCESS,2,19.51,4195.17,4214.68
557,SUCCESS,3,9.84,4208.32,4218.17
560,SUCCESS,2,15.11,4214.79,4229.9
559,SUCCESS,3,18.1,4218.28,4236.38
561,SUCCESS,3,7.11,4236.49,4243.6
564,SUCCESS,2,15.11,4230.01,4245.12
562,SUCCESS,3,9.58,4243.71,4253.28
566,SUCCESS,2,13.51,4245.23,4258.74
565,SUCCESS,3,20.11,4253.39,4273.5
568,SUCCESS,2,23.87,4258.85,4282.72
567,SUCCESS,3,14.91,4273.61,4288.52
569,SUCCESS,3,11.98,4288.63,4300.61
570,SUCCESS,2,23.51,4282.83,4306.34
571,SUCCESS,3,6.11,4300.72,4306.83
572,SUCCESS,3,6.38,4306.94,4313.32
573,SUCCESS,3,9.58,4313.43,4323
575,SUCCESS,2,17.51,4306.45,4323.96
574,SUCCESS,3,11.64,4323.11,4334.75
576,SUCCESS,3,10.64,4334.86,4345.5
578,SUCCESS,3,12.24,4345.61,4357.86
579,SUCCESS,3,17.31,4357.97,4375.28
580,SUCCESS,3,15.11,4375.39,4390.5
581,SUCCESS,3,17.04,4390.61,4407.65
582,SUCCESS,3,17.04,4407.76,4424.8
577,SUCCESS,2,105.11,4324.07,4429.18
503,SUCCESS,0,712.72,3720.53,4433.25
583,SUCCESS,3,16.24,4424.91,4441.16
585,SUCCESS,2,12.71,4429.29,4442
587,SUCCESS,2,10.31,4442.11,4452.42
584,SUCCESS,3,16.24,4441.27,4457.51
588,SUCCESS,2,10.71,4452.53,4463.24
586,SUCCESS,3,13.84,4457.62,4471.46
590,SUCCESS,2,16.71,4463.35,4480.06
589,SUCCESS,3,11.18,4471.57,4482.75
563,SUCCESS,1,285.11,4205.58,4490.69
594,SUCCESS,2,13.11,4480.17,4493.28
591,SUCCESS,3,11.98,4482.86,4494.84
593,SUCCESS,3,10.64,4494.95,4505.59
596,SUCCESS,2,20.31,4493.39,4513.7
595,SUCCESS,3,14.11,4505.7,4519.81
600,SUCCESS,1,35.71,4490.8,4526.51
597,SUCCESS,3,12.51,4519.92,4532.43
598,SUCCESS,2,20.71,4513.81,4534.52
599,SUCCESS,3,15.92,4532.54,4548.46
602,SUCCESS,2,14.31,4534.63,4548.94
592,SUCCESS,0,125.17,4433.36,4558.53
604,SUCCESS,2,9.91,4549.05,4558.96
605,SUCCESS,1,36.44,4526.62,4563.06
601,SUCCESS,3,15.44,4548.57,4564.01
603,SUCCESS,3,11.17,4564.12,4575.29
607,SUCCESS,2,20.71,4559.07,4579.78
606,SUCCESS,3,16.24,4575.4,4591.64
608,SUCCESS,3,10,4591.75,4601.75
612,SUCCESS,0,99.11,4558.64,4657.75
610,SUCCESS,3,70.11,4601.86,4671.97
613,SUCCESS,3,10.57,4672.08,4682.64
614,SUCCESS,3,11.44,4682.75,4694.2
615,SUCCESS,3,20.11,4694.31,4714.42
617,SUCCESS,3,8.51,4714.53,4723.04
618,SUCCESS,3,9.58,4723.15,4732.72
619,SUCCESS,3,10.38,4732.83,4743.21
620,SUCCESS,3,3.78,4743.32,4747.1
621,SUCCESS,3,10.8,4747.21,4758.01
609,SUCCESS,2,180.11,4579.89,4760
622,SUCCESS,3,2.11,4758.12,4760.22
623,SUCCESS,3,13.84,4760.33,4774.18
625,SUCCESS,2,17.91,4760.11,4778.02
624,SUCCESS,3,7.44,4774.29,4781.73
616,SUCCESS,0,135.09,4657.86,4792.95
626,SUCCESS,3,20.05,4781.84,4801.89
628,SUCCESS,3,12.78,4802,4814.78
629,SUCCESS,3,6.11,4814.89,4821
630,SUCCESS,3,6.27,4821.11,4827.38
631,SUCCESS,3,12.24,4827.49,4839.73
632,SUCCESS,3,10,4839.84,4849.84
633,SUCCESS,3,6.64,4849.95,4856.59
635,SUCCESS,3,11.71,4856.7,4868.41
636,SUCCESS,3,12.51,4868.52,4881.03
637,SUCCESS,3,2,4881.14,4883.14
638,SUCCESS,3,16.24,4883.25,4899.5
639,SUCCESS,3,15.71,4899.61,4915.32
627,SUCCESS,2,142.61,4778.13,4920.74
611,SUCCESS,1,360.11,4563.17,4923.28
640,SUCCESS,3,14.9,4915.43,4930.32
643,SUCCESS,2,10.31,4920.85,4931.16
641,SUCCESS,3,11.18,4930.43,4941.61
642,SUCCESS,3,5.44,4941.72,4947.16
645,SUCCESS,2,19.51,4931.27,4950.78
644,SUCCESS,3,9.04,4947.27,4956.32
646,SUCCESS,3,6.11,4956.43,4962.54
648,SUCCESS,2,21.51,4950.89,4972.4
649,SUCCESS,1,51.71,4923.39,4975.1
647,SUCCESS,3,14.64,4962.65,4977.29
650,SUCCESS,3,12.51,4977.4,4989.91
652,SUCCESS,2,17.51,4972.51,4990.02
651,SUCCESS,3,13.04,4990.02,5003.06
655,SUCCESS,2,21.91,4990.13,5012.04
653,SUCCESS,3,10.09,5003.17,5013.26
656,SUCCESS,1,49.27,4975.21,5024.48
659,SUCCESS,2,13.51,5012.15,5025.66
654,SUCCESS,3,15.71,5013.37,5029.08
657,SUCCESS,3,5.33,5029.19,5034.52
661,SUCCESS,2,13.11,5025.77,5038.88
663,SUCCESS,2,9.51,5038.99,5048.5
658,SUCCESS,3,14.38,5034.63,5049.01
667,SUCCESS,1,26.91,5024.59,5051.5
660,SUCCESS,3,9.04,5049.12,5058.16
662,SUCCESS,3,6.8,5058.27,5065.07
671,SUCCESS,1,20.48,5051.61,5072.09
664,SUCCESS,3,7.13,5065.18,5072.31
665,SUCCESS,2,24.31,5048.61,5072.92
666,SUCCESS,3,10.08,5072.42,5082.5
669,SUCCESS,2,10.69,5073.03,5083.72
668,SUCCESS,3,14.33,5082.61,5096.94
674,SUCCESS,1,33.26,5072.2,5105.46
672,SUCCESS,2,25.85,5083.83,5109.68
670,SUCCESS,3,14.11,5097.05,5111.16
677,SUCCESS,1,11.11,5105.57,5116.68
675,SUCCESS,2,9.91,5109.79,5119.7
679,SUCCESS,1,19.71,5116.79,5136.5
676,SUCCESS,2,24.71,5119.81,5144.52
678,SUCCESS,2,12.31,5144.63,5156.94
681,SUCCESS,1,22.06,5136.61,5158.67
680,SUCCESS,2,15.11,5157.05,5172.16
684,SUCCESS,1,34.11,5158.78,5192.89
682,SUCCESS,2,25.84,5172.27,5198.11
673,SUCCESS,3,95.06,5111.27,5206.33
683,SUCCESS,3,9.04,5206.44,5215.48
686,SUCCESS,2,27.11,5198.22,5225.33
685,SUCCESS,3,14.85,5215.59,5230.44
690,SUCCESS,2,5.61,5225.44,5231.05
689,SUCCESS,1,45.27,5193,5238.27
687,SUCCESS,3,8.51,5230.55,5239.06
692,SUCCESS,2,10.31,5231.16,5241.47
688,SUCCESS,3,14.38,5239.17,5253.55
693,SUCCESS,2,17.11,5241.58,5258.69
691,SUCCESS,3,14.11,5253.66,5267.77
697,SUCCESS,1,35.61,5238.38,5273.99
695,SUCCESS,2,18.21,5258.8,5277.01
694,SUCCESS,3,16.24,5267.88,5284.12
699,SUCCESS,2,14.71,5277.12,5291.83
696,SUCCESS,3,7.98,5284.23,5292.21
701,SUCCESS,2,9.91,5291.94,5301.85
698,SUCCESS,3,17.31,5292.32,5309.63
703,SUCCESS,1,35.64,5274.1,5309.74
634,SUCCESS,0,525.33,4793.06,5318.39
702,SUCCESS,2,21.51,5301.96,5323.47
704,SUCCESS,2,18.71,5323.58,5342.29
705,SUCCESS,1,47.67,5309.85,5357.51
706,SUCCESS,2,18.71,5342.4,5361.11
709,SUCCESS,2,10.71,5361.22,5371.93
715,SUCCESS,1,18.07,5357.62,5375.69
700,SUCCESS,3,70.11,5309.74,5379.85
711,SUCCESS,2,11.02,5372.04,5383.07
718,SUCCESS,1,16.11,5375.8,5391.91
707,SUCCESS,3,13.56,5379.96,5393.51
713,SUCCESS,2,11.11,5383.18,5394.29
710,SUCCESS,3,3.78,5393.62,5397.4
712,SUCCESS,3,10.53,5397.51,5408.04
721,SUCCESS,1,18.91,5392.02,5410.93
716,SUCCESS,2,21.87,5394.4,5416.27
708,SUCCESS,0,103.11,5318.5,5421.61
714,SUCCESS,3,13.57,5408.15,5421.72
720,SUCCESS,2,12.71,5416.38,5429.09
726,SUCCESS,1,21.27,5411.04,5432.31
717,SUCCESS,3,13.31,5421.83,5435.14
719,SUCCESS,3,15.11,5435.25,5450.36
723,SUCCESS,2,25.91,5429.2,5455.11
722,SUCCESS,3,8.24,5450.47,5458.71
729,SUCCESS,1,30.91,5432.42,5463.33
724,SUCCESS,3,5.44,5458.82,5464.27
728,SUCCESS,2,10.71,5455.22,5465.93
725,SUCCESS,3,10.34,5464.38,5474.72
732,SUCCESS,2,16.31,5466.04,5482.35
727,SUCCESS,3,13.58,5474.83,5488.4
734,SUCCESS,2,11.91,5482.46,5494.37
730,SUCCESS,0,75.11,5421.72,5496.83
731,SUCCESS,3,15.98,5488.51,5504.49
735,SUCCESS,2,11.91,5494.48,5506.39
736,SUCCESS,1,46.11,5463.44,5509.55
733,SUCCESS,3,14.38,5504.6,5518.98
738,SUCCESS,2,25.82,5506.5,5532.32
737,SUCCESS,3,17.04,5519.09,5536.13
741,SUCCESS,2,9.11,5532.43,5541.54
739,SUCCESS,3,14.38,5536.24,5550.62
743,SUCCESS,1,46.91,5509.66,5556.57
744,SUCCESS,2,18.71,5541.65,5560.36
740,SUCCESS,3,15.44,5550.73,5566.17
747,SUCCESS,2,13.51,5560.47,5573.98
745,SUCCESS,3,15.89,5566.28,5582.17
751,SUCCESS,1,30.91,5556.68,5587.59
748,SUCCESS,2,19.51,5574.09,5593.6
746,SUCCESS,3,16.78,5582.28,5599.05
749,SUCCESS,3,8.19,5599.16,5607.35
752,SUCCESS,2,19.51,5593.71,5613.22
742,SUCCESS,0,125.11,5496.94,5622.05
750,SUCCESS,3,14.81,5607.46,5622.27
754,SUCCESS,2,20.71,5613.33,5634.04
755,SUCCESS,1,50.11,5587.7,5637.81
756,SUCCESS,2,17.51,5634.15,5651.66
760,SUCCESS,1,48.51,5637.92,5686.43
753,SUCCESS,3,70.11,5622.38,5692.49
759,SUCCESS,3,3.67,5692.6,5696.27
761,SUCCESS,3,3.78,5696.38,5700.15
766,SUCCESS,1,16.11,5686.54,5702.65
762,SUCCESS,3,10.91,5700.26,5711.17
763,SUCCESS,3,10,5711.28,5721.28
764,SUCCESS,3,15.44,5721.39,5736.84
765,SUCCESS,3,6,5736.95,5742.95
758,SUCCESS,0,123.05,5622.16,5745.21
768,SUCCESS,1,45.31,5702.76,5748.07
769,SUCCESS,1,21.2,5748.18,5769.38
757,SUCCESS,2,142.61,5651.77,5794.38
772,SUCCESS,1,37.31,5769.49,5806.8
771,SUCCESS,2,23.11,5794.49,5817.6
770,SUCCESS,0,75.11,5745.32,5820.43
774,SUCCESS,2,17.51,5817.71,5835.22
767,SUCCESS,3,95.11,5743.06,5838.17
773,SUCCESS,3,9.58,5838.28,5847.85
777,SUCCESS,1,46.06,5806.91,5852.96
776,SUCCESS,2,25.04,5835.33,5860.37
775,SUCCESS,3,20.11,5847.96,5868.07
778,SUCCESS,3,11.87,5868.18,5880.05
780,SUCCESS,2,25.51,5860.48,5885.99
784,SUCCESS,1,33.24,5853.07,5886.32
779,SUCCESS,3,18.11,5880.16,5898.27
781,SUCCESS,0,79.11,5820.54,5899.65
785,SUCCESS,2,20.71,5886.1,5906.81
782,SUCCESS,3,10.11,5898.38,5908.49
790,SUCCESS,1,25.28,5886.43,5911.71
783,SUCCESS,3,9.58,5908.6,5918.18
788,SUCCESS,2,17.48,5906.92,5924.4
786,SUCCESS,3,8.78,5918.29,5927.06
793,SUCCESS,1,22.11,5911.82,5933.93
787,SUCCESS,3,7.4,5927.17,5934.58
791,SUCCESS,2,14.71,5924.51,5939.22
792,SUCCESS,2,9.11,5939.33,5948.44
795,SUCCESS,2,5.61,5948.55,5954.16
796,SUCCESS,2,20.31,5954.27,5974.58
797,SUCCESS,1,50.11,5934.04,5984.15
798,SUCCESS,2,11.91,5974.69,5986.6
789,SUCCESS,3,70.11,5934.69,6004.8
800,SUCCESS,2,23.91,5986.71,6010.62
799,SUCCESS,3,10.91,6004.91,6015.82
805,SUCCESS,1,38.11,5984.26,6022.37
801,SUCCESS,3,7.44,6015.93,6023.37
802,SUCCESS,3,6.91,6023.48,6030.39
804,SUCCESS,2,24.31,6010.73,6035.04
803,SUCCESS,3,12.76,6030.5,6043.26
807,SUCCESS,2,21.91,6035.15,6057.06
806,SUCCESS,3,16.99,6043.37,6060.35
811,SUCCESS,1,42.91,6022.48,6065.39
808,SUCCESS,3,10.64,6060.46,6071.11
809,SUCCESS,3,5.44,6071.22,6076.66
817,SUCCESS,1,18.11,6065.5,6083.61
810,SUCCESS,3,11.71,6076.77,6088.48
813,SUCCESS,3,8.24,6088.59,6096.83
814,SUCCESS,3,7.44,6096.94,6104.39
815,SUCCESS,3,13.73,6104.5,6118.23
820,SUCCESS,1,42.11,6083.72,6125.83
816,SUCCESS,3,10.38,6118.34,6128.72
818,SUCCESS,3,9.84,6128.83,6138.67
821,SUCCESS,1,38.11,6125.94,6164.05
822,SUCCESS,1,29.31,6164.16,6193.47
812,SUCCESS,2,142.52,6057.17,6199.69
823,SUCCESS,2,14.31,6199.8,6214.11
827,SUCCESS,1,37.31,6193.58,6230.89
819,SUCCESS,3,95.11,6138.78,6233.89
825,SUCCESS,2,20.71,6214.22,6234.93
824,SUCCESS,3,15.14,6234,6249.14
828,SUCCESS,2,16.71,6235.04,6251.75
829,SUCCESS,2,22.31,6251.86,6274.17
830,SUCCESS,1,50.11,6231,6281.11
831,SUCCESS,2,13.05,6274.28,6287.33
832,SUCCESS,2,18.71,6287.44,6306.15
826,SUCCESS,3,70.11,6249.25,6319.36
835,SUCCESS,2,16.71,6306.26,6322.97
833,SUCCESS,3,6.83,6319.47,6326.3
836,SUCCESS,1,50.11,6281.22,6331.33
838,SUCCESS,2,18.31,6323.08,6341.39
834,SUCCESS,3,17.2,6326.41,6343.61
837,SUCCESS,3,12.93,6343.72,6356.65
840,SUCCESS,2,27.11,6341.5,6368.61
841,SUCCESS,1,37.28,6331.44,6368.72
842,SUCCESS,2,3.11,6368.72,6371.83
843,SUCCESS,2,9.51,6371.94,6381.45
846,SUCCESS,1,28.51,6368.83,6397.34
844,SUCCESS,2,17.91,6381.56,6399.47
848,SUCCESS,1,18.11,6397.45,6415.56
845,SUCCESS,2,23.11,6399.58,6422.69
847,SUCCESS,2,10.71,6422.8,6433.51
849,SUCCESS,2,14.31,6433.62,6447.93
851,SUCCESS,1,54.07,6415.67,6469.74
850,SUCCESS,2,23.91,6448.04,6471.95
839,SUCCESS,3,120.05,6356.76,6476.81
852,SUCCESS,3,6.38,6476.92,6483.3
853,SUCCESS,3,2.11,6483.41,6485.52
855,SUCCESS,2,19.91,6472.06,6491.97
860,SUCCESS,1,29.23,6469.85,6499.08
854,SUCCESS,3,13.84,6485.63,6499.47
857,SUCCESS,2,23.11,6492.08,6515.19
856,SUCCESS,3,20.11,6499.58,6519.69
858,SUCCESS,3,7.11,6519.8,6526.91
864,SUCCESS,1,35.69,6499.19,6534.88
862,SUCCESS,2,20.31,6515.3,6535.61
859,SUCCESS,3,8.7,6527.02,6535.72
861,SUCCESS,3,16.24,6535.83,6552.07
865,SUCCESS,2,21.51,6535.72,6557.23
871,SUCCESS,1,26.91,6534.99,6561.9
863,SUCCESS,3,14.9,6552.18,6567.09
866,SUCCESS,3,6.8,6567.2,6574
868,SUCCESS,2,23.4,6557.34,6580.74
867,SUCCESS,3,8.51,6574.11,6582.62
869,SUCCESS,3,10.38,6582.73,6593.1
875,SUCCESS,1,38.91,6562.01,6600.92
870,SUCCESS,3,8.48,6593.21,6601.7
873,SUCCESS,2,21.51,6580.85,6602.36
872,SUCCESS,3,12.78,6601.81,6614.58
877,SUCCESS,2,21.11,6602.47,6623.58
874,SUCCESS,3,10.91,6614.69,6625.6
881,SUCCESS,1,30.91,6601.03,6631.94
879,SUCCESS,2,13.06,6623.69,6636.76
876,SUCCESS,3,17.04,6625.71,6642.76
885,SUCCESS,1,26.11,6632.05,6658.16
878,SUCCESS,3,15.4,6642.87,6658.27
880,SUCCESS,3,13.31,6658.38,6671.69
886,SUCCESS,1,21.31,6658.27,6679.58
883,SUCCESS,3,16.78,6671.8,6688.57
887,SUCCESS,1,38.91,6679.69,6718.6
888,SUCCESS,1,50.8,6718.71,6769.51
882,SUCCESS,2,142.61,6636.87,6779.48
794,SUCCESS,0,900.33,5899.76,6800.09
889,SUCCESS,2,22.71,6779.59,6802.3
894,SUCCESS,1,36.51,6769.62,6806.13
884,SUCCESS,3,120.11,6688.68,6808.79
890,SUCCESS,3,10,6808.9,6818.9
893,SUCCESS,2,17.9,6802.41,6820.3
891,SUCCESS,3,7.18,6819.01,6826.19
899,SUCCESS,1,26.11,6806.24,6832.35
892,SUCCESS,3,12.24,6826.3,6838.54
896,SUCCESS,2,21.51,6820.41,6841.92
895,SUCCESS,3,10.08,6838.65,6848.73
902,SUCCESS,0,53.11,6800.2,6853.31
900,SUCCESS,2,12.31,6842.03,6854.34
897,SUCCESS,3,15.98,6848.84,6864.82
903,SUCCESS,2,16.71,6854.45,6871.16
898,SUCCESS,3,6.35,6864.93,6871.27
901,SUCCESS,3,12.24,6871.38,6883.63
907,SUCCESS,2,18.71,6871.27,6889.98
904,SUCCESS,3,10.28,6883.74,6894.02
906,SUCCESS,3,7.87,6894.13,6902
908,SUCCESS,3,10,6902.11,6912.11
912,SUCCESS,0,65.11,6853.42,6918.53
909,SUCCESS,3,13.53,6912.22,6925.75
911,SUCCESS,3,11.87,6925.86,6937.73
913,SUCCESS,3,13.84,6937.84,6951.68
914,SUCCESS,3,16.51,6951.79,6968.3
915,SUCCESS,3,20,6968.41,6988.41
910,SUCCESS,2,105.11,6890.09,6995.2
916,SUCCESS,3,8.51,6988.52,6997.03
917,SUCCESS,3,13.31,6997.14,7010.45
921,SUCCESS,2,20.31,6995.31,7015.62
919,SUCCESS,3,6.64,7010.56,7017.21
918,SUCCESS,0,99.11,6918.64,7017.75
905,SUCCESS,1,210.11,6832.46,7042.57
922,SUCCESS,2,27.05,7015.73,7042.79
927,SUCCESS,1,6.11,7042.68,7048.79
923,SUCCESS,2,9.11,7042.9,7052.01
920,SUCCESS,3,70.11,7017.32,7087.43
928,SUCCESS,1,51.71,7048.9,7100.61
926,SUCCESS,0,123.11,7017.86,7140.97
925,SUCCESS,3,70.03,7087.54,7157.56
929,SUCCESS,3,16.24,7157.67,7173.92
931,SUCCESS,3,11.68,7174.03,7185.71
924,SUCCESS,2,142.61,7052.12,7194.73
932,SUCCESS,3,11.13,7185.82,7196.95
933,SUCCESS,3,15.65,7197.06,7212.71
936,SUCCESS,2,19.51,7194.84,7214.35
934,SUCCESS,3,9.04,7212.82,7221.86
939,SUCCESS,2,9.11,7214.46,7223.57
937,SUCCESS,3,6.38,7221.97,7228.35
935,SUCCESS,0,97.11,7141.08,7238.19
938,SUCCESS,3,15.71,7228.46,7244.17
941,SUCCESS,2,23.91,7223.68,7247.59
940,SUCCESS,3,7.18,7244.28,7251.46
945,SUCCESS,2,11.11,7247.7,7258.81
942,SUCCESS,3,13.04,7251.57,7264.61
946,SUCCESS,2,11.11,7258.92,7270.03
943,SUCCESS,3,9.55,7264.72,7274.27
948,SUCCESS,2,12.71,7270.14,7282.85
944,SUCCESS,3,11.98,7274.38,7286.36
947,SUCCESS,3,12.78,7286.47,7299.24
952,SUCCESS,0,67.11,7238.3,7305.41
951,SUCCESS,2,25.51,7282.96,7308.47
949,SUCCESS,3,10.33,7299.35,7309.69
930,SUCCESS,1,210.11,7100.72,7310.83
953,SUCCESS,2,5.61,7308.58,7314.19
955,SUCCESS,1,25.31,7310.94,7336.25
956,SUCCESS,0,67.11,7305.52,7372.63
957,SUCCESS,1,37.31,7336.36,7373.67
959,SUCCESS,1,37.31,7373.78,7411.09
954,SUCCESS,2,105.02,7314.3,7419.32
950,SUCCESS,3,120.11,7309.8,7429.91
961,SUCCESS,2,16.69,7419.43,7436.12
967,SUCCESS,1,25.31,7411.2,7436.51
958,SUCCESS,3,10.38,7430.02,7440.39
960,SUCCESS,3,7.11,7440.5,7447.61
972,SUCCESS,1,11.11,7436.62,7447.72
964,SUCCESS,2,17.11,7436.23,7453.34
962,SUCCESS,3,16.51,7447.72,7464.23
974,SUCCESS,1,18.11,7447.83,7465.94
965,SUCCESS,3,6.32,7464.34,7470.67
969,SUCCESS,2,20.31,7453.45,7473.76
966,SUCCESS,3,8.51,7470.78,7479.29
963,SUCCESS,0,111.11,7372.74,7483.85
973,SUCCESS,2,16.71,7473.87,7490.58
968,SUCCESS,3,13.84,7479.4,7493.24
970,SUCCESS,3,7.98,7493.35,7501.33
978,SUCCESS,1,44.49,7466.05,7510.55
971,SUCCESS,3,11.98,7501.44,7513.41
976,SUCCESS,2,24.31,7490.69,7515
985,SUCCESS,1,6.11,7510.66,7516.77
975,SUCCESS,3,11.98,7513.52,7525.5
980,SUCCESS,2,12.31,7515.11,7527.42
981,SUCCESS,2,11.11,7527.53,7538.64
977,SUCCESS,3,14.38,7525.61,7539.99
979,SUCCESS,3,15.88,7540.1,7555.98
986,SUCCESS,1,39.62,7516.88,7556.5
983,SUCCESS,2,18.71,7538.75,7557.46
984,SUCCESS,0,77.11,7483.96,7561.07
987,SUCCESS,2,14.71,7557.57,7572.28
988,SUCCESS,2,5.5,7572.39,7577.89
991,SUCCESS,1,34.11,7556.61,7590.72
989,SUCCESS,2,13.11,7578,7591.11
990,SUCCESS,2,23,7591.22,7614.22
997,SUCCESS,1,25.31,7590.83,7616.14
995,SUCCESS,0,55.06,7561.18,7616.25
982,SUCCESS,3,70.11,7556.09,7626.2
994,SUCCESS,2,17.91,7614.33,7632.24
992,SUCCESS,3,13.84,7626.31,7640.15
998,SUCCESS,2,21.02,7632.35,7653.37
993,SUCCESS,3,13.58,7640.26,7653.84
999,SUCCESS,2,21.47,7653.48,7674.95
996,SUCCESS,3,70.05,7653.95,7724

Waktu Penyelesaian Keseluruhan (Makespan),,,,,7724
